"Pleasant","Unpleasant"
1.07,1.45
1.17,1.6700000000000002
1.22,1.9
1.42,2.02
1.6300000000000001,2.3200000000000003
1.98,2.35
2.12,2.43
2.3200000000000003,2.47
2.56,2.5700000000000003
2.7,3.33
2.93,3.87
2.9699999999999998,4.33
3.03,5.35
3.15,5.72
3.22,6.48
3.42,6.9
4.63,8.68
4.7,9.47
5.55,10
6.17,10.93
